l,m,r,tm
cttcaggttttaacgttaaagtttc,tt,taatatccagctcgtagtttgtatgat,78.20
cacgtacaaatttaagcgct,t,tgacttaagtttttatcaaagcgtga,78.91
ctcgaatttaaagatttctcctaa,tt,catccgcaattttcatcaaagcttg,78.01
atcatacaaactacgagctggatatt,aa,agaaactttaacgttaaaacctgaag,78.20
actaatggttctgattcctca,gc,ttcaccgtgataaaacaatttgg,78.52
gaaactggcgcttgttttc,at,cataagctgggtcgtctgga,79.16
ccaaattgttttatcacggtg,aag,ctgaggaatcagaaccattagt,78.52
tcacgctttgataaaaacttaagtc,a,aagcgcttaaatttgtacgtg,78.91
tccagacgacccagcttat,ga,tgaaaacaagcgccagtttc,79.16
gacgctcccac,ttttg,aacaagctgcacggcgatatcgac,78.65
atcttcaaagtcaaagtgt,t,ttagcatcatacctaggaccagcg,78.39
caagctttgatgaaaattgcggat,ga,attaggagaaatctttaaattcgag,78.01
gtcgatatcgccgtgcagcttgtt,ca,aaagtgggagcgtc,78.65
cgctggtcctaggtatgatgcta,a,aacactttgactttgaagat,78.39
ttttcatcataagctgggtcgtct,ggatttgctcgct,gcagcttgttcattgcttcatccag,79.08
actgctgacc,g,gatacacgcacgctgaccgt,78.90
ctagttgtttcgtgtccc,gc,aattaagaatgtaataatttgatagcgaatgttct,79.01
tggctgccgcg,c,cggcaccaggcc,79.89
tttttaagctctccaaac,g,tttttggctgaggcatttctttaattgtcatat,78.08
atatgacaattaaagaaatgcctcagccaaaa,a,cgtttggagagcttaaaaa,78.08
acggtcagcgtgcgtgtat,c,cggtcagcagt,78.90
ctggatgaagcaatgaacaagctg,cagcgagcaaatc,cagacgacccagcttatgatgaaaa,79.08
caaggtgatgaacgacctagta,g,gataaaattattgcagatcgcaa,78.86
agaacattcgctatcaaattattacattcttaatt,g,cgggacacgaaacaactag,79.01
ggcctggtgcc,g,gcgcggcagcca,79.89
ttgcgatctgcaataattttat,c,ctactaggtcgttcatcaccttg,78.86
gcactggatgaagcaatga,a,caagctgcagcgagcaaatc,80.12
acgcacatgctaaacggaaaagat,cca,gaaacgggtgagccgctt,78.97
aaacggtttaaacgcat,g,gctgcggaatcgcacttg,78.10
gatttgctcgctgcagctt,g,ttcattgcttcatccagtgc,80.12
tcatccagtgcacgga,c,ccatacttgtaataaatggatgag,78.53
aagcggctcacccgttt,ctg,gatcttttccgtttagcatgtgcgt,78.97
cttggaagtaagatattatgc,gc,ttttttccaatttttttcatgcgtccagc,78.87
caagtgcgattccgcag,c,catgcgtttaaaccgttt,78.10
cgctcccacttttga,a,caagctgcacggcgatatcga,78.91
cgatgtggaagagttccgtcca,g,agcgttttgaaaatcca,79.10
ctcatccatttattacaagtatg,g,gtccgtgcactggatga,78.53
tggattttcaaaacgc,t,ctggacggaactcttccacatcg,79.10
gctggacgcatgaaaaaaattggaaaaaa,g,cgcataatatcttacttccaag,78.87
tcgatatcgccgtgcagctt,gt,tcaaaagtgggagcg,78.91
tattgcagatcgcaaagcaagcggt,g,aacaaagcgatgatttattaac,78.65
cgttaaagtttctttaatatcca,g,gctcgtagtttgtatgatcttcaa,78.10
gttaataaatcatcgctttgt,t,caccgcttgctttgcgatctgcaata,78.65
actgctgaccg,a,tacacgcacgctgaccgtttcc,79.88
tgcctcagccaaaaacgtttggagagcttaaaaa,ttta,ccgttattaaacacagataa,78.83
gctttgcgatctgcaataa,t,ttttatctactaggtcgttcatcac,79.73
aaagaagatacggtgcttgga,gga,gaatatcctttagaaaaaggcg,78.52
ttgaagatcatacaaactacgag,c,ctggatattaaagaaactttaacg,78.10
ttatctgtgtttaataacgg,ta,aatttttaagctctccaaacgtttttggctgaggca,78.83
cattcttaattgcgggacacgaaacaact,ag,tggtcttttatcatttgcg,79.58
gtgatgaacgacctagtagataaa,a,attattgcagatcgcaaagc,79.73
cgcaaatgataaaagacc,ac,tagttgtttcgtgtcccgcaattaagaatg,79.58
cgcctttttctaaaggatattc,t,cctccaagcaccgtatcttcttt,78.52
ggaaacggtcagcgtgcgtgt,a,tcggtcagcagt,79.88
