,Primer Name Length (nt.) Tm Duplex Energy at 68 °C Energy Cost of Mismatches
27 78.61℃ -42.11 kcal/mole 5.21%
a34t_g35t_antisense 32 79.78℃ -51.84 kcal/mole 4.99%
a34t_g35t 32 79.78℃ -52.77 kcal/mole 5.99%
a385g_g386t 48 78.65℃ -51.40 kcal/mole 6.30%
g417a_t428a_antisense 41 80.16℃ -57.37 kcal/mole 2.63%
a385g_g386t_antisense 48 78.65℃ -49.44 kcal/mole 4.54%
g466a_c467t 49 80.38℃ -55.04 kcal/mole 8.84%
g417a_t428a 41 80.16℃ -54.94 kcal/mole 4.28%
a235c_t236c 48 79.50℃ -54.03 kcal/mole .10%
c1266g_ 27 78.61℃ -40.35 kcal/mole 7.50%
g466a_c467t_antisense 49 80.38℃ -53.74 kcal/mole 8.70%
a235c_t236c_antisense 48 79.50℃ -53.00 kcal/mole 3.66%
41 78.16℃ -46.18 kcal/mole 12.62%
c359t_antisense 48 78.17℃ -38.94 kcal/mole 10.27%
g1165a_g1166t_a1167g 47 78.20℃ -51.95 kcal/mole 13.01%
t535g_t536g_antisense 50 78.76℃ -52.43 kcal/mole 1.84%
c1027t_t1028g_antisense 38 78.97℃ -48.98 kcal/mole 8.60%
t535g_t536g 50 78.76℃ -51.97 kcal/mole 2.92%
g139a_t141g_antisense 51 78.81℃ -49.40 kcal/mole 8.47%
g1165a_g1166t_a1167g_antisense 47 78.20℃ -54.19 kcal/mole 11.16%
c359t 48 78.17℃ -44.67 kcal/mole 9.41%
c1027t_t1028g 38 78.97℃ -51.39 kcal/mole 5.46%
c1186t_t1188g_ 41 78.16℃ -46.03 kcal/mole 6.56%
c286g_t287c_antisense 52 78.08℃ -46.54 kcal/mole 6.92%
g139a_t141g 51 78.81℃ -54.92 kcal/mole 1.50%
c286g_t287c 52 78.08℃ -45.33 kcal/mole 7.51%
