,Primer Name Primer Sequence (5' to 3')
5'-ctgctgacccatacacgcacgctgacc-3'
a34t_g35t_antisense 5'-cgcggcaccaggccgaagctgtgatgatgatg-3'
a34t_g35t 5'-catcatcatcacagcttcggcctggtgccgcg-3'
a385g_g386t 5'-ataatatcttacttccaagcttcgttcagcaggcaatgaaaggctatc-3'
g417a_t428a_antisense 5'-ctgcacggcgttatcgaccattatcgcatgatagcctttca-3'
a385g_g386t_antisense 5'-gatagcctttcattgcctgctgaacgaagcttggaagtaagatattat-3'
g466a_c467t 5'-gcagcttgttcaaaagtgggagcgtctaaatatagatgagcatattgag-3'
g417a_t428a 5'-tgaaaggctatcatgcgataatggtcgataacgccgtgcag-3'
a235c_t236c 5'-gctacttatcaagtcagcgtctacctaaagaagcatgcgatgaatcac-3'
c1266g_ 5'-ggtcagcgtgcgtgtatgggtcagcag-3'
g466a_c467t_antisense 5'-ctcaatatgctcatctatatttagacgctcccacttttgaacaagctgc-3'
a235c_t236c_antisense 5'-gtgattcatcgcatgcttctttaggtagacgctgacttgataagtagc-3'
5'-gattttcaaaacgctctggccagaactcttccacatcgtct-3'
c359t_antisense 5'-agcttggaagtaagatattatgcacttttttccaatttttttcatgcg-3'
g1165a_g1166t_a1167g 5'-tcaccgtgataaaacaatttggatggacgatgtggaagagttccgtc-3'
t535g_t536g_antisense 5'-taaaagctgttaaagcgatagttaccgccgcaaagaccaattgtatcaag-3'
c1027t_t1028g_antisense 5'-gcagttggccataagcgccacgcttcgtttaagaccat-3'
t535g_t536g 5'-cttgatacaattggtctttgcggcggtaactatcgctttaacagctttta-3'
g139a_t141g_antisense 5'-atccgcaattttcatcaaagcttgcatcggtttatctgtgtttaataacgg-3'
g1165a_g1166t_a1167g_antisense 5'-gacggaactcttccacatcgtccatccaaattgttttatcacggtga-3'
c359t 5'-cgcatgaaaaaaattggaaaaaagtgcataatatcttacttccaagct-3'
c1027t_t1028g 5'-atggtcttaaacgaagcgtggcgcttatggccaactgc-3'
c1186t_t1188g_ 5'-agacgatgtggaagagttctggccagagcgttttgaaaatc-3'
c286g_t287c_antisense 5'-tcctgcaaaatcacgtacaaatttagccgcttgacttaagtttttatcaaag-3'
g139a_t141g 5'-ccgttattaaacacagataaaccgatgcaagctttgatgaaaattgcggat-3'
c286g_t287c 5'-ctttgataaaaacttaagtcaagcggctaaatttgtacgtgattttgcagga-3'
